{
  "project_info": {
    "project_number": "865595112895",
    "firebase_url": "https://final-year-project-2e743.firebaseio.com",
    "project_id": "final-year-project-2e743",
    "storage_bucket": "final-year-project-2e743.appspot.com"
  },
  "client": [
    {
      "client_info": {
        "mobilesdk_app_id": "1:865595112895:android:b6345af4346574a7c4750a",
        "android_client_info": {
          "package_name": "com.example.finalyearproject"
        }
      },
      "oauth_client": [
        {
          "client_id": "865595112895-j27gm78cii856b4fjiapl7bkhd3o004o.apps.googleusercontent.com",
          "client_type": 1,
          "android_info": {
            "package_name": "com.example.finalyearproject",
            "certificate_hash": "b1f1266c6475d2b35be55f9ad03749ccfa66df1e"
          }
        },
        {
          "client_id": "865595112895-s0sg86rrrijauo0acis3g75m07hp7klc.apps.googleusercontent.com",
          "client_type": 3
        }
      ],
      "api_key": [
        {
          "current_key": "AIzaSyBwqbSvGWat-541Q71MtCxbxC0bGirViIk"
        }
      ],
      "services": {
        "appinvite_service": {
          "other_platform_oauth_client": [
            {
              "client_id": "865595112895-s0sg86rrrijauo0acis3g75m07hp7klc.apps.googleusercontent.com",
              "client_type": 3
            }
          ]
        }
      }
    }
  ],
  "configuration_version": "1"
}